{"cameraMode":{"drawMode":0,"name":"Shaded","section":"Shading Mode"},"sceneLighting":true,"audioPlay":false,"sceneViewState":{"m_AlwaysRefresh":false,"showFog":true,"showSkybox":true,"showFlares":true,"showImageEffects":true,"showParticleSystems":true,"showVisualEffectGraphs":true,"m_FxEnabled":true},"in2DMode":false,"pivot":{"x":12.170108795166016,"y":2.3883109092712404,"z":-31.776887893676759},"rotation":{"x":0.08551201969385147,"y":-0.4208841919898987,"z":0.03989238291978836,"w":0.9021942615509033},"size":22.17688751220703,"orthographic":false}